Country,Patent Count
United Kingdom,79436
Spain,24704
Germany,13019
France,5547
Ukraine,2850
Czech Republic,1671
Poland,1438
Bulgaria,1244
Switzerland,1197
Slovakia,975
Hungary,921
Netherlands,742
Italy,665
Romania,624
Czechoslovakia,571
Moldova,394
Denmark,390
Finland,351
Portugal,339
Ireland,302
Greece,274
Sweden,263
Austria,250
Belgium,242
Georgia,227
Slovenia,170
Serbia,133
Lithuania,124
Latvia,95
Luxembourg,92
Croatia,85
Norway,80
Turkey,21
Iceland,5
Monaco,4
Estonia,3
