Country,Output T/year,Total consumption,Count Research,Patent Count,Number Stations,Value (€/kg),FCEV Fleet,2023,per_million,Worker,Number of Companies,Number of Valleys
Albania,0.0,0.0,0.0,0.0,0.0,0.0,0.0,2761785.0,2.761785,0.0,2.0,0.0
Andorra,0.0,0.0,0.0,0.0,0.0,0.0,0.0,81588.0,0.081588,0.0,0.0,0.0
Armenia,0.0,0.0,0.0,0.0,0.0,0.0,0.0,2977130.0,2.97713,0.0,0.0,0.0
Austria,115472.34427485825,116115.02004635824,4.0,250.0,5.0,31.368331270771375,62.0,9104772.0,9.104772,1599.0,144.0,2.0
Azerbaijan,0.0,0.0,0.0,0.0,0.0,0.0,0.0,10127145.0,10.127145,0.0,0.0,0.0
Belarus,0.0,0.0,0.0,0.0,0.0,0.0,0.0,0.0,0.0,447.0,0.0,0.0
Belgium,411229.6346272369,378165.0829164249,6.0,242.0,9.0,28.286733505035627,110.0,11742796.0,11.742796,26342.0,83.0,2.0
Bulgaria,121173.04554769985,121192.04780059986,2.0,1244.0,0.0,22.984391889323987,0.0,6447710.0,6.44771,1049.0,10.0,0.0
Croatia,62316.80306730769,62335.74994180768,1.0,85.0,0.0,29.72757411335962,0.0,3850894.0,3.850894,355.0,10.0,0.0
Cyprus,0.0,0.0,0.0,0.0,0.0,22.82803989558004,0.0,920701.0,0.920701,0.0,0.0,0.0
Czech Republic,103866.11426910297,104109.54331330296,1.0,1671.0,2.0,28.18299508713499,12.0,10827529.0,10.827529,1957.0,31.0,0.0
Denmark,24952.84610159337,25289.48588991036,5.0,390.0,6.0,30.30035956342813,234.0,5932654.0,5.932654,3232.0,47.0,3.0
Estonia,16.8588679245283,16.8588679245283,1.0,3.0,0.0,28.61872986029928,2.0,1365884.0,1.365884,0.0,10.0,1.0
Finland,176435.7879595116,176357.11324253082,5.0,351.0,0.0,27.929211224562756,2.0,5563970.0,5.56397,3113.0,38.0,2.0
France,552822.8446402401,549748.41166314,10.0,5547.0,30.0,27.79114024769512,863.0,68172977.0,68.172977,84110.0,750.0,4.0
Georgia,0.0,0.0,0.0,227.0,0.0,0.0,0.0,3736357.0,3.736357,0.0,0.0,0.0
Germany,1743512.423463998,1736608.7740203305,18.0,13019.0,98.0,31.849469288287207,2233.0,84358845.0,84.358845,45192.0,949.0,16.0
Greece,326557.4587369211,326535.7209011211,3.0,274.0,0.0,26.89195984749192,0.0,10413982.0,10.413982,442.0,34.0,3.0
Hungary,188005.16967431948,187871.50114011948,1.0,921.0,0.0,33.407683787722824,0.0,9599744.0,9.599744,91.0,17.0,1.0
Iceland,753.0294339622642,753.0294339622642,0.0,5.0,1.0,0.0,27.0,387758.0,0.387758,29.0,6.0,0.0
Ireland,7864.365692,8226.7224755,1.0,302.0,0.0,27.21266891556629,0.0,5271395.0,5.271395,307.0,15.0,1.0
Italy,607913.1264903757,607742.3465612757,21.0,665.0,1.0,36.11525228420696,69.0,58997201.0,58.997201,12908.0,179.0,4.0
Latvia,0.0,67.1797736,0.0,95.0,0.0,28.257016338333308,10.0,1883008.0,1.883008,0.0,2.0,0.0
Liechtenstein,0.0,0.0,0.0,0.0,0.0,0.0,0.0,39677.0,0.039677,0.0,0.0,0.0
Lithuania,143686.94268333333,143686.94268333333,0.0,124.0,0.0,30.813181092874547,1.0,2857279.0,2.857279,16.0,4.0,0.0
Luxembourg,0.0,574.9602325,1.0,92.0,1.0,30.29853128535125,10.0,660809.0,0.660809,0.0,5.0,1.0
Malta,0.0,0.0,0.0,0.0,0.0,13.818988464282263,0.0,542051.0,0.542051,0.0,1.0,0.0
Moldova,0.0,0.0,0.0,394.0,0.0,0.0,0.0,2512758.0,2.512758,0.0,0.0,0.0
Monaco,0.0,0.0,0.0,4.0,0.0,0.0,0.0,0.0,0.0,0.0,0.0,0.0
Montenegro,0.0,0.0,0.0,0.0,0.0,0.0,0.0,616695.0,0.616695,0.0,0.0,0.0
Netherlands,975233.6722518498,984043.40324308,7.0,742.0,22.0,28.625326451599285,693.0,17811291.0,17.811291,8382.0,289.0,6.0
North Macedonia,0.0,0.0,0.0,0.0,0.0,0.0,0.0,1829954.0,1.829954,24.0,1.0,0.0
Norway,157609.58999431593,156713.0072773348,6.0,80.0,4.0,15.80977257325711,273.0,5488984.0,5.488984,1654.0,135.0,3.0
Poland,784637.1189707745,784020.4561979746,8.0,1438.0,2.0,27.30305379569894,125.0,36753736.0,36.753736,7652.0,126.0,2.0
Portugal,106284.80186666668,103345.81504,4.0,339.0,0.0,25.196424004138112,5.0,10467366.0,10.467366,459.0,30.0,5.0
Romania,134334.66881181035,133780.30458371036,1.0,624.0,0.0,34.72994474814956,0.0,19054548.0,19.054548,513.0,14.0,2.0
Russia,0.0,0.0,0.0,0.0,0.0,0.0,0.0,0.0,0.0,18434.0,0.0,0.0
San Marino,0.0,0.0,0.0,0.0,0.0,0.0,0.0,33812.0,0.033812,0.0,0.0,0.0
Serbia,0.0,0.0,0.0,133.0,0.0,0.0,0.0,6641197.0,6.641197,378.0,3.0,0.0
Slovakia,105597.68760783123,105385.93948523124,1.0,975.0,0.0,32.14069438587141,3.0,5428792.0,5.428792,153.0,16.0,1.0
Slovenia,1846.5,1809.4050052,1.0,170.0,0.0,28.815714709050106,0.0,2116972.0,2.116972,2040.0,11.0,1.0
Spain,614470.5592442635,611831.4404868592,27.0,24704.0,3.0,25.544669184018503,29.0,48085361.0,48.085361,5645.0,441.0,7.0
Sweden,175366.8789904208,174691.51148292082,3.0,263.0,4.0,29.57426330168758,67.0,10521556.0,10.521556,2971.0,119.0,1.0
Switzerland,20549.795527227525,20549.795527227525,3.0,1197.0,12.0,0.0,349.0,8815385.0,8.815385,1613.0,156.0,0.0
Turkey,0.0,0.0,5.0,21.0,0.0,0.0,0.0,85279553.0,85.279553,99.0,0.0,1.0
Ukraine,0.0,0.0,0.0,2850.0,0.0,0.0,0.0,0.0,0.0,5178.0,0.0,2.0
United Kingdom,569135.4957877519,568987.6977877519,5.0,79436.0,9.0,5.763128323735013,351.0,67736802.0,67.736802,10847.0,229.0,4.0
